{"loss":{"0":2.0673875809,"1":1.4967344999,"2":1.2459890842,"3":1.1325603724,"4":1.0658048391,"5":1.0119721889,"6":0.9662510157,"7":0.9116361141,"8":0.8535118103,"9":0.8035909534,"10":0.7475463748,"11":0.7073748708,"12":0.65542835,"13":0.5967911482,"14":0.5462287664,"15":0.4952961504,"16":0.4421960115,"17":0.3982979953,"18":0.3611620367,"19":0.3315969408,"20":0.2978048027,"21":0.2739667594,"22":0.2545517981,"23":0.2438767254,"24":0.2153793871,"25":0.1850750446,"26":0.1636635065,"27":0.1498946398,"28":0.1235397384,"29":0.1042108685},"accuracy":{"0":0.2768270671,"1":0.3442721963,"2":0.3740688562,"3":0.3901751637,"4":0.4018522203,"5":0.4149385989,"6":0.4366821051,"7":0.4485605061,"8":0.4729212821,"9":0.4902355671,"10":0.5184215903,"11":0.5294946432,"12":0.5592913032,"13":0.5884839892,"14":0.6245218515,"15":0.6668008566,"16":0.7110931873,"17":0.7539762259,"18":0.7839742303,"19":0.8105496168,"20":0.8425608873,"21":0.8506140709,"22":0.8727602363,"23":0.8761827946,"24":0.8941010833,"25":0.922488451,"26":0.937990725,"27":0.9460439086,"28":0.9669820666,"29":0.9744312167},"val_loss":{"0":1.6159133911,"1":1.3214679956,"2":1.2060997486,"3":1.1610558033,"4":1.1483819485,"5":1.1719349623,"6":1.153437376,"7":1.1430598497,"8":1.1509443521,"9":1.1511178017,"10":1.1653085947,"11":1.1909668446,"12":1.1776711941,"13":1.1869703531,"14":1.1929401159,"15":1.2008173466,"16":1.1961511374,"17":1.2266814709,"18":1.2455357313,"19":1.2481760979,"20":1.2597655058,"21":1.2920707464,"22":1.2733755112,"23":1.2788596153,"24":1.3045128584,"25":1.3389687538,"26":1.3629658222,"27":1.319879055,"28":1.3148171902,"29":1.3163868189},"val_accuracy":{"0":0.3190066814,"1":0.3715377152,"2":0.3810888231,"3":0.3829990327,"4":0.3896848261,"5":0.3791786134,"6":0.3935052454,"7":0.3963705897,"8":0.3954154849,"9":0.3963705897,"10":0.3877745867,"11":0.3839541674,"12":0.3982807994,"13":0.3963705897,"14":0.3935052454,"15":0.3829990327,"16":0.3868194818,"17":0.3887296915,"18":0.3801337183,"19":0.3705826104,"20":0.3753581643,"21":0.377268374,"22":0.390639931,"23":0.3715377152,"24":0.3505253196,"25":0.3352435529,"26":0.3247373402,"27":0.3514804244,"28":0.3629417419,"29":0.3715377152}}