{"loss":{"0":2.0676538944,"1":1.4929372072,"2":1.2441165447,"3":1.1353268623,"4":1.0766056776,"5":1.0288712978,"6":0.9972351193,"7":0.9415076375,"8":0.8728376031,"9":0.8072893023,"10":0.7681058049,"11":0.7337775826,"12":0.6541776657,"13":0.5927600265,"14":0.547785759,"15":0.504088819,"16":0.458570838,"17":0.414236784,"18":0.3672291636,"19":0.3414426446,"20":0.3084928691,"21":0.2695104182,"22":0.2316544205,"23":0.2039547414,"24":0.1857568026,"25":0.1716855168,"26":0.1510226578,"27":0.1262535453,"28":0.1069409847,"29":0.0888260677},"accuracy":{"0":0.2590361536,"1":0.3381526172,"2":0.372489959,"3":0.3815261126,"4":0.3961847425,"5":0.4074297249,"6":0.4184738994,"7":0.4363453686,"8":0.462449789,"9":0.487349391,"10":0.5042168498,"11":0.5220883489,"12":0.5670682788,"13":0.5983935595,"14":0.6188755035,"15":0.6634538174,"16":0.6951807141,"17":0.7421686649,"18":0.7730923891,"19":0.7995983958,"20":0.8347389698,"21":0.8652610183,"22":0.9026104212,"23":0.9168674946,"24":0.9329317212,"25":0.9357429743,"26":0.9504016042,"27":0.9626505971,"28":0.9755020142,"29":0.9839357138},"val_loss":{"0":1.6479147673,"1":1.3374037743,"2":1.2207571268,"3":1.184027791,"4":1.1711804867,"5":1.1922523975,"6":1.1791317463,"7":1.153265357,"8":1.1593418121,"9":1.1868662834,"10":1.1844644547,"11":1.164555788,"12":1.1877474785,"13":1.200371027,"14":1.2101192474,"15":1.2253917456,"16":1.2295327187,"17":1.2469480038,"18":1.2728179693,"19":1.2637523413,"20":1.2806731462,"21":1.2980625629,"22":1.3065246344,"23":1.3018183708,"24":1.3278748989,"25":1.3056845665,"26":1.3214219809,"27":1.3461253643,"28":1.3526843786,"29":1.3607451916},"val_accuracy":{"0":0.3222748935,"1":0.3763033152,"2":0.3781990409,"3":0.3905213177,"4":0.388625592,"5":0.3857820034,"6":0.3744075894,"7":0.3895734549,"8":0.377251178,"9":0.3734597266,"10":0.371563971,"11":0.3962085247,"12":0.382938385,"13":0.3867298663,"14":0.388625592,"15":0.3791469336,"16":0.3781990409,"17":0.3734597266,"18":0.377251178,"19":0.3876777291,"20":0.3924170732,"21":0.3895734549,"22":0.3857820034,"23":0.3819905221,"24":0.3763033152,"25":0.3601895869,"26":0.3611374497,"27":0.3421801031,"28":0.3601895869,"29":0.3649289012}}