{"loss":{"0":2.6055848598,"1":2.4024527073,"2":2.23913908,"3":2.0781979561,"4":1.9150645733,"5":1.7636058331,"6":1.6319963932,"7":1.5165330172,"8":1.429117918,"9":1.3528481722,"10":1.2991768122,"11":1.2546725273,"12":1.2225562334,"13":1.190887332,"14":1.1658306122,"15":1.1407448053,"16":1.1239962578,"17":1.1052638292,"18":1.0884269476,"19":1.0727034807,"20":1.0587539673,"21":1.0490922928,"22":1.0245541334,"23":1.0101982355,"24":0.9973182678,"25":0.9837521315,"26":0.9718437791,"27":0.9621556997,"28":0.9506769776,"29":0.943169713},"accuracy":{"0":0.1775171906,"1":0.3194500506,"2":0.3346138299,"3":0.3352203667,"4":0.3360291123,"5":0.3352203667,"6":0.3416902423,"7":0.3491710424,"8":0.350384146,"9":0.3511928916,"10":0.352810353,"11":0.3564496636,"12":0.361099869,"13":0.3710068762,"14":0.3770723939,"15":0.3839466274,"16":0.3881924748,"17":0.3883946538,"18":0.390012145,"19":0.3948645294,"20":0.3972907364,"21":0.3987060189,"22":0.4084108472,"23":0.4116457701,"24":0.4150829017,"25":0.4173069,"26":0.4181156456,"27":0.4255964458,"28":0.4288313687,"29":0.4298422933},"val_loss":{"0":2.5375099182,"1":2.3773913383,"2":2.2242190838,"3":2.0696423054,"4":1.9196174145,"5":1.7868355513,"6":1.6718337536,"7":1.5760171413,"8":1.5016601086,"9":1.4425771236,"10":1.3985013962,"11":1.364931941,"12":1.3375165462,"13":1.3146492243,"14":1.2982070446,"15":1.2839113474,"16":1.2721377611,"17":1.259452343,"18":1.2573088408,"19":1.2443737984,"20":1.2403492928,"21":1.2305055857,"22":1.2240048647,"23":1.2212245464,"24":1.2184634209,"25":1.2152795792,"26":1.2141842842,"27":1.2100287676,"28":1.2058655024,"29":1.2149293423},"val_accuracy":{"0":0.3379888237,"1":0.3398510218,"2":0.3426443338,"3":0.3370577395,"4":0.3305400312,"5":0.3314711452,"6":0.343575418,"7":0.344506532,"8":0.344506532,"9":0.344506532,"10":0.344506532,"11":0.344506532,"12":0.3556796908,"13":0.3640595973,"14":0.3733705878,"15":0.3761638701,"16":0.3770949841,"17":0.3780260682,"18":0.3761638701,"19":0.3770949841,"20":0.3770949841,"21":0.3808193803,"22":0.3836126626,"23":0.3826815784,"24":0.3817504644,"25":0.3808193803,"26":0.3826815784,"27":0.3854748607,"28":0.3770949841,"29":0.3770949841}}