{"loss":{"0":2.4500515461,"1":2.0503585339,"2":1.7526510954,"3":1.4875799417,"4":1.3062018156,"5":1.2058827877,"6":1.1476175785,"7":1.1087218523,"8":1.077534318,"9":1.0490989685,"10":1.0182727575,"11":0.9978860617,"12":0.9700403214,"13":0.9392149448,"14":0.9313311577,"15":0.9002386928,"16":0.8750914931,"17":0.8495028615,"18":0.8123605847,"19":0.7800242305,"20":0.7496753335,"21":0.7180004716,"22":0.6889292598,"23":0.6672952771,"24":0.6566877365,"25":0.6414356232,"26":0.6226273179,"27":0.6084695458,"28":0.59304142,"29":0.5759575367},"accuracy":{"0":0.2108870894,"1":0.3181451559,"2":0.3221774101,"3":0.3491935432,"4":0.368750006,"5":0.3719758093,"6":0.3804435432,"7":0.3925403357,"8":0.3991935551,"9":0.4094758034,"10":0.4189516008,"11":0.4205645025,"12":0.4332661331,"13":0.4419354796,"14":0.4461693466,"15":0.4578629136,"16":0.4637096822,"17":0.4816532135,"18":0.4945564568,"19":0.5135080814,"20":0.5300403237,"21":0.5528225899,"22":0.5709677339,"23":0.5798386931,"24":0.5879032016,"25":0.6000000238,"26":0.6044355035,"27":0.6088709831,"28":0.6229838729,"29":0.6377016306},"val_loss":{"0":2.2039349079,"1":1.921297431,"2":1.6559280157,"3":1.456582427,"4":1.3425095081,"5":1.2881939411,"6":1.259781003,"7":1.2442324162,"8":1.2335836887,"9":1.2252367735,"10":1.2407792807,"11":1.2149378061,"12":1.2122604847,"13":1.2330935001,"14":1.2163337469,"15":1.2087777853,"16":1.2219668627,"17":1.2162340879,"18":1.216096282,"19":1.2245643139,"20":1.2356559038,"21":1.247344017,"22":1.2548751831,"23":1.2649490833,"24":1.2854317427,"25":1.2869719267,"26":1.263018012,"27":1.2530941963,"28":1.2585809231,"29":1.2511415482},"val_accuracy":{"0":0.3459357321,"1":0.3185255229,"2":0.3459357321,"3":0.3487712741,"4":0.3695652187,"5":0.3705103993,"6":0.374291122,"7":0.3903591633,"8":0.3950850666,"9":0.3875236213,"10":0.37145558,"11":0.3998109698,"12":0.3950850666,"13":0.3950850666,"14":0.382797718,"15":0.3913043439,"16":0.3837428987,"17":0.388468802,"18":0.3875236213,"19":0.3865784407,"20":0.3865784407,"21":0.388468802,"22":0.3837428987,"23":0.3799622059,"24":0.3790170252,"25":0.3837428987,"26":0.3846880794,"27":0.382797718,"28":0.38563326,"29":0.3809073865}}