{"loss":{"0":2.7010276318,"1":2.5981447697,"2":2.5102262497,"3":2.4221029282,"4":2.3344192505,"5":2.2457091808,"6":2.1583147049,"7":2.070984602,"8":1.9884877205,"9":1.9145569801,"10":1.840175271,"11":1.771525979,"12":1.706999898,"13":1.6523615122,"14":1.5980046988,"15":1.5533174276,"16":1.5098000765,"17":1.4666471481,"18":1.433773756,"19":1.4018654823,"20":1.3744952679,"21":1.3495813608,"22":1.3269282579,"23":1.3105418682,"24":1.2909574509,"25":1.2742308378,"26":1.2579642534,"27":1.2423267365,"28":1.2289470434,"29":1.2163889408},"accuracy":{"0":0.0355843119,"1":0.2715325654,"2":0.2998382449,"3":0.3093408942,"4":0.3200566173,"5":0.3208653331,"6":0.3295592368,"7":0.3336029053,"8":0.3338050842,"9":0.3342094719,"10":0.3342094719,"11":0.3348160088,"12":0.3354225755,"13":0.336635679,"14":0.3441164494,"15":0.3491710424,"16":0.350181967,"17":0.3507885039,"18":0.3507885039,"19":0.3507885039,"20":0.3509907126,"21":0.3509907126,"22":0.3511928916,"23":0.3511928916,"24":0.3511928916,"25":0.3509907126,"26":0.3513950706,"27":0.353012532,"28":0.3540234566,"29":0.3564496636},"val_loss":{"0":2.6939537525,"1":2.6025135517,"2":2.5208320618,"3":2.4384419918,"4":2.3551039696,"5":2.2720003128,"6":2.1901760101,"7":2.1109728813,"8":2.0355305672,"9":1.9643666744,"10":1.8982253075,"11":1.8366641998,"12":1.7797323465,"13":1.7274026871,"14":1.6798150539,"15":1.6362683773,"16":1.5974731445,"17":1.5628048182,"18":1.5318900347,"19":1.5043288469,"20":1.4798333645,"21":1.4582859278,"22":1.4391413927,"23":1.4213418961,"24":1.405939579,"25":1.3916137218,"26":1.3779555559,"27":1.3650383949,"28":1.353126049,"29":1.3418796062},"val_accuracy":{"0":0.2970204949,"1":0.3044692874,"2":0.3147113621,"3":0.3202979565,"4":0.3230912387,"5":0.3351955414,"6":0.326815635,"7":0.3286778331,"8":0.3286778331,"9":0.3286778331,"10":0.3286778331,"11":0.3286778331,"12":0.3286778331,"13":0.329608947,"14":0.344506532,"15":0.344506532,"16":0.344506532,"17":0.344506532,"18":0.344506532,"19":0.344506532,"20":0.344506532,"21":0.344506532,"22":0.344506532,"23":0.344506532,"24":0.344506532,"25":0.344506532,"26":0.344506532,"27":0.344506532,"28":0.344506532,"29":0.344506532}}